"FinancialYear","HBT","Dataset","DatasetQF","NumberOfAdmissions","NumberOfDischarges","NumberOfStays","NumberOfPatients","NumberOfHospitalResidents","NumberOfHospitalResidentsQF"
"1997/98","S08000015","Total","d",3540,3570,3360,2430,"500"," "
"1997/98","S08000015","SMR01"," ",900,910,870,780," ",":"
"1997/98","S08000015","SMR04"," ",2640,2660,2490,1780,"500"," "
"1997/98","S08000016","Total","d",900,930,860,610,"130"," "
"1997/98","S08000016","SMR01"," ",220,230,220,200," ",":"
"1997/98","S08000016","SMR04"," ",680,700,650,450,"130"," "
"1997/98","S08000017","Total","d",1100,1120,1030,820,"270"," "
"1997/98","S08000017","SMR01"," ",250,250,230,210," ",":"
"1997/98","S08000017","SMR04"," ",850,860,800,640,"270"," "
"1997/98","S08000029","Total","d",2200,2220,1980,1460,"500"," "
"1997/98","S08000029","SMR01"," ",290,290,250,240," ",":"
"1997/98","S08000029","SMR04"," ",1910,1930,1730,1260,"500"," "
"1997/98","S08000019","Total","d",1880,1930,1680,1250,"390"," "
"1997/98","S08000019","SMR01"," ",290,300,260,240," ",":"
"1997/98","S08000019","SMR04"," ",1590,1640,1430,1050,"390"," "
"1997/98","S08000020","Total","d",3370,3420,3180,2470,"650"," "
"1997/98","S08000020","SMR01"," ",1000,990,910,810," ",":"
"1997/98","S08000020","SMR04"," ",2370,2430,2270,1740,"650"," "
"1997/98","S08000031","Total","d",11320,11370,10280,7920,"2200"," "
"1997/98","S08000031","SMR01"," ",2690,2680,2440,2210," ",":"
"1997/98","S08000031","SMR04"," ",8630,8690,7840,5950,"2200"," "
"1997/98","S08000022","Total","d",3070,3090,2820,2090,"350"," "
"1997/98","S08000022","SMR01"," ",1010,1010,930,770," ",":"
"1997/98","S08000022","SMR04"," ",2060,2080,1890,1470,"350"," "
"1997/98","S08000032","Total","d",3230,3190,2930,2250,"680"," "
"1997/98","S08000032","SMR01"," ",660,660,630,580," ",":"
"1997/98","S08000032","SMR04"," ",2570,2520,2300,1750,"680"," "
"1997/98","S08000024","Total","d",6610,6680,6150,4290,"1140"," "
"1997/98","S08000024","SMR01"," ",1130,1140,990,880," ",":"
"1997/98","S08000024","SMR04"," ",5480,5540,5160,3540,"1140"," "
"1997/98","S08000025","Total","d",60,70,60,60,"0"," "
"1997/98","S08000025","SMR01"," ",60,70,60,60," ",":"
"1997/98","S08000025","SMR04"," ",0,0,0,0,"0"," "
"1997/98","S08000026","Total","d",120,120,120,90,"0"," "
"1997/98","S08000026","SMR01"," ",120,120,120,90," ",":"
"1997/98","S08000026","SMR04"," ",0,0,0,0,"0"," "
"1997/98","S08000030","Total","d",3670,3690,3350,2560,"780"," "
"1997/98","S08000030","SMR01"," ",710,710,660,620," ",":"
"1997/98","S08000030","SMR04"," ",2960,2980,2680,2040,"780"," "
"1997/98","S08000028","Total","d",300,320,310,210,"30"," "
"1997/98","S08000028","SMR01"," ",130,130,130,100," ",":"
"1997/98","S08000028","SMR04"," ",180,190,180,110,"30"," "
"1997/98","SB0802","Total","d",80,80,30,80,"220"," "
"1997/98","SB0802","SMR01"," ",0,0,0,0," ",":"
"1997/98","SB0802","SMR04"," ",80,80,30,80,"220"," "
"1998/99","S08000015","Total","d",3520,3560,3340,2390,"470"," "
"1998/99","S08000015","SMR01"," ",850,850,800,700," ",":"
"1998/99","S08000015","SMR04"," ",2680,2700,2540,1810,"470"," "
"1998/99","S08000016","Total","d",860,870,800,610,"120"," "
"1998/99","S08000016","SMR01"," ",220,220,200,190," ",":"
"1998/99","S08000016","SMR04"," ",640,650,600,450,"120"," "
"1998/99","S08000017","Total","d",1140,1180,1070,880,"230"," "
"1998/99","S08000017","SMR01"," ",310,310,280,260," ",":"
"1998/99","S08000017","SMR04"," ",830,870,790,650,"230"," "
"1998/99","S08000029","Total","d",2280,2300,2050,1530,"480"," "
"1998/99","S08000029","SMR01"," ",320,310,270,260," ",":"
"1998/99","S08000029","SMR04"," ",1960,1980,1770,1290,"480"," "
"1998/99","S08000019","Total","d",1690,1750,1530,1210,"330"," "
"1998/99","S08000019","SMR01"," ",300,300,280,260," ",":"
"1998/99","S08000019","SMR04"," ",1390,1450,1250,980,"330"," "
"1998/99","S08000020","Total","d",3670,3700,3360,2580,"610"," "
"1998/99","S08000020","SMR01"," ",980,980,900,810," ",":"
"1998/99","S08000020","SMR04"," ",2690,2720,2460,1870,"610"," "
"1998/99","S08000031","Total","d",10810,11050,10000,7810,"2010"," "
"1998/99","S08000031","SMR01"," ",2720,2760,2440,2210," ",":"
"1998/99","S08000031","SMR04"," ",8090,8290,7550,5820,"2010"," "
"1998/99","S08000022","Total","d",3210,3190,3000,2150,"360"," "
"1998/99","S08000022","SMR01"," ",1120,1120,1010,830," ",":"
"1998/99","S08000022","SMR04"," ",2080,2080,1980,1450,"360"," "
"1998/99","S08000032","Total","d",3580,3590,3230,2470,"670"," "
"1998/99","S08000032","SMR01"," ",790,780,710,640," ",":"
"1998/99","S08000032","SMR04"," ",2790,2810,2520,1910,"670"," "
"1998/99","S08000024","Total","d",6530,6580,5950,4250,"1070"," "
"1998/99","S08000024","SMR01"," ",1200,1180,1030,940," ",":"
"1998/99","S08000024","SMR04"," ",5330,5400,4920,3440,"1070"," "
"1998/99","S08000025","Total","d",60,60,60,50,"0"," "
"1998/99","S08000025","SMR01"," ",60,60,60,50," ",":"
"1998/99","S08000025","SMR04"," ",0,0,0,0,"0"," "
"1998/99","S08000026","Total","d",110,110,110,80,"0"," "
"1998/99","S08000026","SMR01"," ",110,110,110,80," ",":"
"1998/99","S08000026","SMR04"," ",0,0,0,0,"0"," "
"1998/99","S08000030","Total","d",3650,3740,3330,2590,"700"," "
"1998/99","S08000030","SMR01"," ",730,730,680,590," ",":"
"1998/99","S08000030","SMR04"," ",2920,3000,2650,2080,"700"," "
"1998/99","S08000028","Total","d",190,170,170,140,"40"," "
"1998/99","S08000028","SMR01"," ",130,130,130,110," ",":"
"1998/99","S08000028","SMR04"," ",50,40,40,40,"40"," "
"1998/99","SB0802","Total","d",80,60,20,60,"250"," "
"1998/99","SB0802","SMR01"," ",0,0,0,0," ",":"
"1998/99","SB0802","SMR04"," ",80,60,20,60,"250"," "
"1999/00","S08000015","Total","d",3260,3280,3070,2170,"450"," "
"1999/00","S08000015","SMR01"," ",810,820,770,660," ",":"
"1999/00","S08000015","SMR04"," ",2440,2460,2300,1630,"450"," "
"1999/00","S08000016","Total","d",880,880,760,600,"120"," "
"1999/00","S08000016","SMR01"," ",220,220,210,190," ",":"
"1999/00","S08000016","SMR04"," ",660,660,550,440,"120"," "
"1999/00","S08000017","Total","d",970,1000,920,740,"200"," "
"1999/00","S08000017","SMR01"," ",240,240,220,200," ",":"
"1999/00","S08000017","SMR04"," ",720,760,700,570,"200"," "
"1999/00","S08000029","Total","d",2220,2250,1970,1480,"450"," "
"1999/00","S08000029","SMR01"," ",350,350,290,280," ",":"
"1999/00","S08000029","SMR04"," ",1870,1900,1680,1240,"450"," "
"1999/00","S08000019","Total","d",1520,1550,1360,1100,"300"," "
"1999/00","S08000019","SMR01"," ",330,330,310,270," ",":"
"1999/00","S08000019","SMR04"," ",1190,1220,1050,860,"300"," "
"1999/00","S08000020","Total","d",3540,3530,3180,2440,"610"," "
"1999/00","S08000020","SMR01"," ",1000,1000,920,820," ",":"
"1999/00","S08000020","SMR04"," ",2540,2530,2260,1720,"610"," "
"1999/00","S08000031","Total","d",11110,11210,9970,7930,"1900"," "
"1999/00","S08000031","SMR01"," ",2810,2810,2510,2260," ",":"
"1999/00","S08000031","SMR04"," ",8300,8400,7460,5900,"1900"," "
"1999/00","S08000022","Total","d",3310,3310,3150,2240,"350"," "
"1999/00","S08000022","SMR01"," ",1130,1120,1050,860," ",":"
"1999/00","S08000022","SMR04"," ",2180,2180,2100,1530,"350"," "
"1999/00","S08000032","Total","d",3810,3850,3420,2660,"630"," "
"1999/00","S08000032","SMR01"," ",860,880,820,710," ",":"
"1999/00","S08000032","SMR04"," ",2940,2970,2610,2040,"630"," "
"1999/00","S08000024","Total","d",6340,6450,5780,4280,"970"," "
"1999/00","S08000024","SMR01"," ",1150,1150,1020,950," ",":"
"1999/00","S08000024","SMR04"," ",5190,5300,4760,3440,"970"," "
"1999/00","S08000025","Total","d",60,60,50,50,"0"," "
"1999/00","S08000025","SMR01"," ",60,60,50,50," ",":"
"1999/00","S08000025","SMR04"," ",0,0,0,0,"0"," "
"1999/00","S08000026","Total","d",100,100,90,80,"0"," "
"1999/00","S08000026","SMR01"," ",100,100,90,80," ",":"
"1999/00","S08000026","SMR04"," ",0,0,0,0,"0"," "
"1999/00","S08000030","Total","d",3340,3390,3090,2430,"650"," "
"1999/00","S08000030","SMR01"," ",670,670,640,580," ",":"
"1999/00","S08000030","SMR04"," ",2670,2720,2460,1930,"650"," "
"1999/00","S08000028","Total","d",330,340,330,220,"30"," "
"1999/00","S08000028","SMR01"," ",160,160,160,120," ",":"
"1999/00","S08000028","SMR04"," ",180,180,170,110,"30"," "
"1999/00","SB0802","Total","d",70,80,20,80,"240"," "
"1999/00","SB0802","SMR01"," ",0,0,0,0," ",":"
"1999/00","SB0802","SMR04"," ",70,80,20,80,"240"," "
"2000/01","S08000015","Total","d",3090,3110,2920,2110,"420"," "
"2000/01","S08000015","SMR01"," ",760,760,730,610," ",":"
"2000/01","S08000015","SMR04"," ",2330,2350,2190,1580,"420"," "
"2000/01","S08000016","Total","d",840,830,750,580,"130"," "
"2000/01","S08000016","SMR01"," ",200,210,200,180," ",":"
"2000/01","S08000016","SMR04"," ",630,620,550,420,"130"," "
"2000/01","S08000017","Total","d",1070,1100,970,790,"160"," "
"2000/01","S08000017","SMR01"," ",250,240,220,190," ",":"
"2000/01","S08000017","SMR04"," ",820,860,760,630,"160"," "
"2000/01","S08000029","Total","d",2070,2090,1830,1420,"430"," "
"2000/01","S08000029","SMR01"," ",360,360,300,270," ",":"
"2000/01","S08000029","SMR04"," ",1710,1730,1530,1170,"430"," "
"2000/01","S08000019","Total","d",1580,1570,1370,1100,"320"," "
"2000/01","S08000019","SMR01"," ",270,280,260,250," ",":"
"2000/01","S08000019","SMR04"," ",1310,1300,1110,870,"320"," "
"2000/01","S08000020","Total","d",3670,3710,3160,2470,"570"," "
"2000/01","S08000020","SMR01"," ",1000,1000,920,810," ",":"
"2000/01","S08000020","SMR04"," ",2670,2700,2250,1730,"570"," "
"2000/01","S08000031","Total","d",10590,10670,9610,7490,"1820"," "
"2000/01","S08000031","SMR01"," ",2640,2640,2360,2110," ",":"
"2000/01","S08000031","SMR04"," ",7940,8030,7250,5610,"1820"," "
"2000/01","S08000022","Total","d",3580,3600,3260,2300,"350"," "
"2000/01","S08000022","SMR01"," ",1240,1260,1170,930," ",":"
"2000/01","S08000022","SMR04"," ",2340,2340,2100,1540,"350"," "
"2000/01","S08000032","Total","d",3850,3860,3380,2580,"630"," "
"2000/01","S08000032","SMR01"," ",880,880,780,670," ",":"
"2000/01","S08000032","SMR04"," ",2970,2970,2590,1980,"630"," "
"2000/01","S08000024","Total","d",6060,6100,5350,4040,"930"," "
"2000/01","S08000024","SMR01"," ",1120,1120,980,890," ",":"
"2000/01","S08000024","SMR04"," ",4940,4970,4380,3260,"930"," "
"2000/01","S08000025","Total","d",80,70,70,60,"0"," "
"2000/01","S08000025","SMR01"," ",80,70,70,60," ",":"
"2000/01","S08000025","SMR04"," ",0,0,0,0,"0"," "
"2000/01","S08000026","Total","d",90,100,100,80,"0"," "
"2000/01","S08000026","SMR01"," ",90,100,100,80," ",":"
"2000/01","S08000026","SMR04"," ",0,0,0,0,"0"," "
"2000/01","S08000030","Total","d",3210,3270,2990,2320,"600"," "
"2000/01","S08000030","SMR01"," ",600,600,580,540," ",":"
"2000/01","S08000030","SMR04"," ",2620,2660,2410,1840,"600"," "
"2000/01","S08000028","Total","d",330,330,310,210,"30"," "
"2000/01","S08000028","SMR01"," ",140,140,140,110," ",":"
"2000/01","S08000028","SMR04"," ",190,190,170,110,"30"," "
"2000/01","SB0802","Total","d",100,110,30,100,"230"," "
"2000/01","SB0802","SMR01"," ",0,0,0,0," ",":"
"2000/01","SB0802","SMR04"," ",100,110,30,100,"230"," "
"2001/02","S08000015","Total","d",3090,3130,2900,2090,"390"," "
"2001/02","S08000015","SMR01"," ",800,800,760,630," ",":"
"2001/02","S08000015","SMR04"," ",2290,2330,2140,1550,"390"," "
"2001/02","S08000016","Total","d",920,930,840,640,"110"," "
"2001/02","S08000016","SMR01"," ",270,260,250,210," ",":"
"2001/02","S08000016","SMR04"," ",650,660,590,460,"110"," "
"2001/02","S08000017","Total","d",1070,1080,970,780,"150"," "
"2001/02","S08000017","SMR01"," ",300,300,260,240," ",":"
"2001/02","S08000017","SMR04"," ",770,780,710,570,"150"," "
"2001/02","S08000029","Total","d",2170,2180,1840,1460,"420"," "
"2001/02","S08000029","SMR01"," ",340,330,290,280," ",":"
"2001/02","S08000029","SMR04"," ",1840,1840,1550,1220,"420"," "
"2001/02","S08000019","Total","d",1540,1560,1380,1100,"290"," "
"2001/02","S08000019","SMR01"," ",260,260,250,230," ",":"
"2001/02","S08000019","SMR04"," ",1280,1300,1140,890,"290"," "
"2001/02","S08000020","Total","d",3530,3550,3130,2400,"560"," "
"2001/02","S08000020","SMR01"," ",1060,1060,980,870," ",":"
"2001/02","S08000020","SMR04"," ",2470,2500,2150,1600,"560"," "
"2001/02","S08000031","Total","d",10480,10560,9180,7250,"1750"," "
"2001/02","S08000031","SMR01"," ",2830,2840,2400,2160," ",":"
"2001/02","S08000031","SMR04"," ",7650,7710,6790,5320,"1750"," "
"2001/02","S08000022","Total","d",3000,3040,2890,2090,"310"," "
"2001/02","S08000022","SMR01"," ",1050,1050,980,810," ",":"
"2001/02","S08000022","SMR04"," ",1950,1990,1910,1410,"310"," "
"2001/02","S08000032","Total","d",3690,3710,3260,2550,"600"," "
"2001/02","S08000032","SMR01"," ",790,780,690,610," ",":"
"2001/02","S08000032","SMR04"," ",2900,2920,2570,2000,"600"," "
"2001/02","S08000024","Total","d",6450,6470,5530,4180,"900"," "
"2001/02","S08000024","SMR01"," ",1310,1290,1050,970," ",":"
"2001/02","S08000024","SMR04"," ",5140,5170,4470,3340,"900"," "
"2001/02","S08000025","Total","d",80,80,80,60,"0"," "
"2001/02","S08000025","SMR01"," ",80,80,80,60," ",":"
"2001/02","S08000025","SMR04"," ",0,0,0,0,"0"," "
"2001/02","S08000026","Total","d",80,80,80,70,"0"," "
"2001/02","S08000026","SMR01"," ",80,80,80,70," ",":"
"2001/02","S08000026","SMR04"," ",0,0,0,0,"0"," "
"2001/02","S08000030","Total","d",3190,3240,2910,2260,"550"," "
"2001/02","S08000030","SMR01"," ",600,600,580,520," ",":"
"2001/02","S08000030","SMR04"," ",2590,2640,2330,1810,"550"," "
"2001/02","S08000028","Total","d",340,330,320,220,"40"," "
"2001/02","S08000028","SMR01"," ",160,160,160,120," ",":"
"2001/02","S08000028","SMR04"," ",180,180,170,100,"40"," "
"2001/02","SB0802","Total","d",160,150,20,140,"230"," "
"2001/02","SB0802","SMR01"," ",0,0,0,0," ",":"
"2001/02","SB0802","SMR04"," ",160,150,20,140,"230"," "
"2002/03","S08000015","Total","d",2840,2870,2710,2020,"360"," "
"2002/03","S08000015","SMR01"," ",770,770,750,640," ",":"
"2002/03","S08000015","SMR04"," ",2070,2100,1960,1460,"360"," "
"2002/03","S08000016","Total","d",980,990,890,680,"110"," "
"2002/03","S08000016","SMR01"," ",290,290,270,240," ",":"
"2002/03","S08000016","SMR04"," ",690,700,620,470,"110"," "
"2002/03","S08000017","Total","d",1020,1020,940,740,"140"," "
"2002/03","S08000017","SMR01"," ",260,260,230,200," ",":"
"2002/03","S08000017","SMR04"," ",760,760,720,560,"140"," "
"2002/03","S08000029","Total","d",2130,2220,1910,1470,"330"," "
"2002/03","S08000029","SMR01"," ",340,340,270,260," ",":"
"2002/03","S08000029","SMR04"," ",1790,1880,1640,1230,"330"," "
"2002/03","S08000019","Total","d",1600,1590,1400,1140,"310"," "
"2002/03","S08000019","SMR01"," ",270,270,270,250," ",":"
"2002/03","S08000019","SMR04"," ",1340,1320,1140,920,"310"," "
"2002/03","S08000020","Total","d",3200,3250,2940,2310,"520"," "
"2002/03","S08000020","SMR01"," ",880,890,860,740," ",":"
"2002/03","S08000020","SMR04"," ",2320,2350,2090,1640,"520"," "
"2002/03","S08000031","Total","d",10150,10200,8980,7170,"1700"," "
"2002/03","S08000031","SMR01"," ",2880,2870,2350,2170," ",":"
"2002/03","S08000031","SMR04"," ",7270,7320,6630,5220,"1700"," "
"2002/03","S08000022","Total","d",3050,3040,2890,2090,"310"," "
"2002/03","S08000022","SMR01"," ",1050,1040,980,790," ",":"
"2002/03","S08000022","SMR04"," ",2000,2000,1910,1420,"310"," "
"2002/03","S08000032","Total","d",3870,3910,3440,2740,"570"," "
"2002/03","S08000032","SMR01"," ",900,900,760,680," ",":"
"2002/03","S08000032","SMR04"," ",2970,3010,2680,2140,"570"," "
"2002/03","S08000024","Total","d",6540,6580,5620,4260,"870"," "
"2002/03","S08000024","SMR01"," ",1440,1440,1170,1060," ",":"
"2002/03","S08000024","SMR04"," ",5110,5130,4440,3330,"870"," "
"2002/03","S08000025","Total","d",60,60,60,60,"0"," "
"2002/03","S08000025","SMR01"," ",60,60,60,60," ",":"
"2002/03","S08000025","SMR04"," ",0,0,0,0,"0"," "
"2002/03","S08000026","Total","d",100,100,100,70,"0"," "
"2002/03","S08000026","SMR01"," ",100,100,100,70," ",":"
"2002/03","S08000026","SMR04"," ",0,0,0,0,"0"," "
"2002/03","S08000030","Total","d",2810,2860,2580,2080,"500"," "
"2002/03","S08000030","SMR01"," ",510,510,490,440," ",":"
"2002/03","S08000030","SMR04"," ",2300,2350,2090,1680,"500"," "
"2002/03","S08000028","Total","d",360,360,350,220,"40"," "
"2002/03","S08000028","SMR01"," ",180,180,180,140," ",":"
"2002/03","S08000028","SMR04"," ",180,180,170,100,"40"," "
"2002/03","SB0802","Total","d",260,260,30,170,"240"," "
"2002/03","SB0802","SMR01"," ",0,0,0,0," ",":"
"2002/03","SB0802","SMR04"," ",260,260,30,170,"240"," "
"2003/04","S08000015","Total","d",2880,2880,2670,2030,"360"," "
"2003/04","S08000015","SMR01"," ",830,830,790,670," ",":"
"2003/04","S08000015","SMR04"," ",2050,2040,1880,1440,"360"," "
"2003/04","S08000016","Total","d",1050,1040,930,680,"120"," "
"2003/04","S08000016","SMR01"," ",290,280,260,230," ",":"
"2003/04","S08000016","SMR04"," ",760,760,670,480,"120"," "
"2003/04","S08000017","Total","d",980,1000,890,690,"120"," "
"2003/04","S08000017","SMR01"," ",210,210,180,170," ",":"
"2003/04","S08000017","SMR04"," ",770,790,710,550,"120"," "
"2003/04","S08000029","Total","d",2090,2060,1820,1400,"370"," "
"2003/04","S08000029","SMR01"," ",300,310,260,230," ",":"
"2003/04","S08000029","SMR04"," ",1790,1750,1560,1190,"370"," "
"2003/04","S08000019","Total","d",1670,1700,1450,1170,"290"," "
"2003/04","S08000019","SMR01"," ",320,320,300,280," ",":"
"2003/04","S08000019","SMR04"," ",1360,1380,1150,920,"290"," "
"2003/04","S08000020","Total","d",3300,3330,2920,2330,"480"," "
"2003/04","S08000020","SMR01"," ",920,910,820,730," ",":"
"2003/04","S08000020","SMR04"," ",2380,2420,2100,1660,"480"," "
"2003/04","S08000031","Total","d",10010,10160,8770,7090,"1560"," "
"2003/04","S08000031","SMR01"," ",3090,3090,2450,2220," ",":"
"2003/04","S08000031","SMR04"," ",6920,7070,6320,5080,"1560"," "
"2003/04","S08000022","Total","d",2860,2880,2690,2040,"290"," "
"2003/04","S08000022","SMR01"," ",1020,1020,900,760," ",":"
"2003/04","S08000022","SMR04"," ",1850,1870,1790,1400,"290"," "
"2003/04","S08000032","Total","d",3930,3910,3290,2690,"580"," "
"2003/04","S08000032","SMR01"," ",1040,1030,800,710," ",":"
"2003/04","S08000032","SMR04"," ",2890,2880,2480,2070,"580"," "
"2003/04","S08000024","Total","d",6280,6260,5260,4140,"880"," "
"2003/04","S08000024","SMR01"," ",1470,1460,1140,1050," ",":"
"2003/04","S08000024","SMR04"," ",4810,4790,4120,3230,"880"," "
"2003/04","S08000025","Total","d",80,80,80,60,"0"," "
"2003/04","S08000025","SMR01"," ",80,80,80,60," ",":"
"2003/04","S08000025","SMR04"," ",0,0,0,0,"0"," "
"2003/04","S08000026","Total","d",90,90,90,70,"0"," "
"2003/04","S08000026","SMR01"," ",90,90,90,70," ",":"
"2003/04","S08000026","SMR04"," ",0,0,0,0,"0"," "
"2003/04","S08000030","Total","d",2940,2950,2640,2140,"490"," "
"2003/04","S08000030","SMR01"," ",550,560,530,490," ",":"
"2003/04","S08000030","SMR04"," ",2390,2390,2100,1710,"490"," "
"2003/04","S08000028","Total","d",400,400,390,260,"40"," "
"2003/04","S08000028","SMR01"," ",220,220,210,170," ",":"
"2003/04","S08000028","SMR04"," ",190,180,180,110,"40"," "
"2003/04","SB0802","Total","d",270,280,30,160,"230"," "
"2003/04","SB0802","SMR01"," ",0,0,0,0," ",":"
"2003/04","SB0802","SMR04"," ",270,280,30,160,"230"," "
"2004/05","S08000015","Total","d",3000,3000,2770,2030,"370"," "
"2004/05","S08000015","SMR01"," ",930,940,870,700," ",":"
"2004/05","S08000015","SMR04"," ",2070,2060,1890,1430,"370"," "
"2004/05","S08000016","Total","d",1050,1050,940,680,"110"," "
"2004/05","S08000016","SMR01"," ",280,280,250,210," ",":"
"2004/05","S08000016","SMR04"," ",770,780,680,500,"110"," "
"2004/05","S08000017","Total","d",940,930,850,670,"130"," "
"2004/05","S08000017","SMR01"," ",220,210,190,180," ",":"
"2004/05","S08000017","SMR04"," ",730,720,660,520,"130"," "
"2004/05","S08000029","Total","d",1960,1980,1730,1360,"350"," "
"2004/05","S08000029","SMR01"," ",290,290,230,220," ",":"
"2004/05","S08000029","SMR04"," ",1660,1680,1490,1170,"350"," "
"2004/05","S08000019","Total","d",1700,1720,1410,1190,"280"," "
"2004/05","S08000019","SMR01"," ",320,320,290,270," ",":"
"2004/05","S08000019","SMR04"," ",1390,1400,1120,950,"280"," "
"2004/05","S08000020","Total","d",2950,2960,2650,2140,"480"," "
"2004/05","S08000020","SMR01"," ",770,780,740,660," ",":"
"2004/05","S08000020","SMR04"," ",2180,2180,1910,1530,"480"," "
"2004/05","S08000031","Total","d",9490,9590,8340,6710,"1470"," "
"2004/05","S08000031","SMR01"," ",2770,2780,2280,2060," ",":"
"2004/05","S08000031","SMR04"," ",6720,6810,6070,4860,"1470"," "
"2004/05","S08000022","Total","d",2700,2700,2500,1850,"300"," "
"2004/05","S08000022","SMR01"," ",1030,1040,900,740," ",":"
"2004/05","S08000022","SMR04"," ",1660,1660,1600,1240,"300"," "
"2004/05","S08000032","Total","d",3900,3950,3360,2690,"520"," "
"2004/05","S08000032","SMR01"," ",1040,1040,790,680," ",":"
"2004/05","S08000032","SMR04"," ",2860,2910,2570,2100,"520"," "
"2004/05","S08000024","Total","d",6100,6190,5250,4030,"800"," "
"2004/05","S08000024","SMR01"," ",1340,1350,1080,1010," ",":"
"2004/05","S08000024","SMR04"," ",4760,4840,4170,3150,"800"," "
"2004/05","S08000025","Total","d",80,80,80,60,"0"," "
"2004/05","S08000025","SMR01"," ",80,80,80,60," ",":"
"2004/05","S08000025","SMR04"," ",0,0,0,0,"0"," "
"2004/05","S08000026","Total","d",70,70,70,60,"0"," "
"2004/05","S08000026","SMR01"," ",70,70,70,60," ",":"
"2004/05","S08000026","SMR04"," ",0,0,0,0,"0"," "
"2004/05","S08000030","Total","d",2630,2690,2360,1970,"420"," "
"2004/05","S08000030","SMR01"," ",500,480,460,430," ",":"
"2004/05","S08000030","SMR04"," ",2130,2210,1900,1600,"420"," "
"2004/05","S08000028","Total","d",350,350,340,240,"40"," "
"2004/05","S08000028","SMR01"," ",190,190,190,150," ",":"
"2004/05","S08000028","SMR04"," ",160,160,150,100,"40"," "
"2004/05","SB0802","Total","d",310,310,20,170,"230"," "
"2004/05","SB0802","SMR01"," ",0,0,0,0," ",":"
"2004/05","SB0802","SMR04"," ",310,310,20,170,"230"," "
"2005/06","S08000015","Total","d",2730,2750,2510,1930,"340"," "
"2005/06","S08000015","SMR01"," ",800,800,760,640," ",":"
"2005/06","S08000015","SMR04"," ",1930,1950,1760,1370,"340"," "
"2005/06","S08000016","Total","d",920,920,800,610,"110"," "
"2005/06","S08000016","SMR01"," ",300,300,250,220," ",":"
"2005/06","S08000016","SMR04"," ",630,630,550,420,"110"," "
"2005/06","S08000017","Total","d",900,890,800,650,"150"," "
"2005/06","S08000017","SMR01"," ",200,200,170,160," ",":"
"2005/06","S08000017","SMR04"," ",700,680,630,510,"150"," "
"2005/06","S08000029","Total","d",2060,2090,1810,1450,"320"," "
"2005/06","S08000029","SMR01"," ",290,290,230,220," ",":"
"2005/06","S08000029","SMR04"," ",1770,1800,1580,1250,"320"," "
"2005/06","S08000019","Total","d",1520,1550,1230,1060,"250"," "
"2005/06","S08000019","SMR01"," ",270,270,230,220," ",":"
"2005/06","S08000019","SMR04"," ",1260,1280,990,850,"250"," "
"2005/06","S08000020","Total","d",2670,2710,2420,2020,"440"," "
"2005/06","S08000020","SMR01"," ",730,720,660,580," ",":"
"2005/06","S08000020","SMR04"," ",1940,1990,1770,1480,"440"," "
"2005/06","S08000031","Total","d",9580,9630,8350,6620,"1430"," "
"2005/06","S08000031","SMR01"," ",2910,2910,2340,2040," ",":"
"2005/06","S08000031","SMR04"," ",6680,6720,6010,4800,"1430"," "
"2005/06","S08000022","Total","d",2420,2450,2270,1740,"270"," "
"2005/06","S08000022","SMR01"," ",1000,1000,880,730," ",":"
"2005/06","S08000022","SMR04"," ",1420,1450,1390,1100,"270"," "
"2005/06","S08000032","Total","d",3640,3660,3080,2440,"510"," "
"2005/06","S08000032","SMR01"," ",1000,1000,760,660," ",":"
"2005/06","S08000032","SMR04"," ",2640,2650,2320,1870,"510"," "
"2005/06","S08000024","Total","d",6080,6140,5240,4010,"730"," "
"2005/06","S08000024","SMR01"," ",1510,1510,1200,1080," ",":"
"2005/06","S08000024","SMR04"," ",4560,4640,4040,3070,"730"," "
"2005/06","S08000025","Total","d",50,50,50,40,"0"," "
"2005/06","S08000025","SMR01"," ",50,50,50,40," ",":"
"2005/06","S08000025","SMR04"," ",0,0,0,0,"0"," "
"2005/06","S08000026","Total","d",60,60,60,50,"0"," "
"2005/06","S08000026","SMR01"," ",60,60,60,50," ",":"
"2005/06","S08000026","SMR04"," ",0,0,0,0,"0"," "
"2005/06","S08000030","Total","d",2580,2610,2410,1920,"390"," "
"2005/06","S08000030","SMR01"," ",440,450,440,410," ",":"
"2005/06","S08000030","SMR04"," ",2140,2160,1960,1560,"390"," "
"2005/06","S08000028","Total","d",370,380,370,270,"40"," "
"2005/06","S08000028","SMR01"," ",210,210,210,170," ",":"
"2005/06","S08000028","SMR04"," ",160,170,160,120,"40"," "
"2005/06","SB0802","Total","d",210,230,30,150,"210"," "
"2005/06","SB0802","SMR01"," ",0,0,0,0," ",":"
"2005/06","SB0802","SMR04"," ",210,230,30,150,"210"," "
"2006/07","S08000015","Total","d",2540,2560,2360,1840,"330"," "
"2006/07","S08000015","SMR01"," ",800,800,770,660," ",":"
"2006/07","S08000015","SMR04"," ",1750,1760,1590,1250,"330"," "
"2006/07","S08000016","Total","d",1130,1140,1010,680,"110"," "
"2006/07","S08000016","SMR01"," ",330,340,300,270," ",":"
"2006/07","S08000016","SMR04"," ",800,800,710,440,"110"," "
"2006/07","S08000017","Total","d",850,870,790,650,"120"," "
"2006/07","S08000017","SMR01"," ",240,230,200,190," ",":"
"2006/07","S08000017","SMR04"," ",610,640,590,490,"120"," "
"2006/07","S08000029","Total","d",2050,2040,1750,1360,"330"," "
"2006/07","S08000029","SMR01"," ",410,410,310,290," ",":"
"2006/07","S08000029","SMR04"," ",1640,1630,1440,1120,"330"," "
"2006/07","S08000019","Total","d",1450,1460,1180,990,"240"," "
"2006/07","S08000019","SMR01"," ",280,280,220,200," ",":"
"2006/07","S08000019","SMR04"," ",1170,1180,950,810,"240"," "
"2006/07","S08000020","Total","d",2720,2760,2500,2060,"400"," "
"2006/07","S08000020","SMR01"," ",740,750,700,610," ",":"
"2006/07","S08000020","SMR04"," ",1980,2020,1790,1520,"400"," "
"2006/07","S08000031","Total","d",9760,9790,8410,6760,"1390"," "
"2006/07","S08000031","SMR01"," ",3510,3500,2830,2480," ",":"
"2006/07","S08000031","SMR04"," ",6260,6290,5590,4520,"1390"," "
"2006/07","S08000022","Total","d",2540,2550,2270,1720,"260"," "
"2006/07","S08000022","SMR01"," ",1140,1140,940,760," ",":"
"2006/07","S08000022","SMR04"," ",1400,1410,1330,1080,"260"," "
"2006/07","S08000032","Total","d",3810,3870,3180,2490,"460"," "
"2006/07","S08000032","SMR01"," ",1170,1180,890,730," ",":"
"2006/07","S08000032","SMR04"," ",2640,2700,2290,1850,"460"," "
"2006/07","S08000024","Total","d",5850,5860,4940,3820,"710"," "
"2006/07","S08000024","SMR01"," ",1730,1730,1320,1180," ",":"
"2006/07","S08000024","SMR04"," ",4120,4140,3620,2800,"710"," "
"2006/07","S08000025","Total","d",60,50,50,40,"0"," "
"2006/07","S08000025","SMR01"," ",60,50,50,40," ",":"
"2006/07","S08000025","SMR04"," ",0,0,0,0,"0"," "
"2006/07","S08000026","Total","d",80,80,80,60,"0"," "
"2006/07","S08000026","SMR01"," ",80,80,80,60," ",":"
"2006/07","S08000026","SMR04"," ",0,0,0,0,"0"," "
"2006/07","S08000030","Total","d",2440,2440,2260,1820,"380"," "
"2006/07","S08000030","SMR01"," ",430,430,410,380," ",":"
"2006/07","S08000030","SMR04"," ",2000,2010,1850,1480,"380"," "
"2006/07","S08000028","Total","d",340,350,330,250,"30"," "
"2006/07","S08000028","SMR01"," ",230,230,230,170," ",":"
"2006/07","S08000028","SMR04"," ",110,110,100,80,"30"," "
"2006/07","SB0802","Total","d",130,140,20,110,"200"," "
"2006/07","SB0802","SMR01"," ",0,0,0,0," ",":"
"2006/07","SB0802","SMR04"," ",130,140,20,110,"200"," "
"2007/08","S08000015","Total","d",2600,2630,2390,1850,"300"," "
"2007/08","S08000015","SMR01"," ",870,860,820,690," ",":"
"2007/08","S08000015","SMR04"," ",1730,1760,1570,1240,"300"," "
"2007/08","S08000016","Total","d",1000,1020,920,640,"90"," "
"2007/08","S08000016","SMR01"," ",300,300,260,230," ",":"
"2007/08","S08000016","SMR04"," ",700,720,660,440,"90"," "
"2007/08","S08000017","Total","d",920,920,830,680,"110"," "
"2007/08","S08000017","SMR01"," ",310,300,250,230," ",":"
"2007/08","S08000017","SMR04"," ",610,620,580,480,"110"," "
"2007/08","S08000029","Total","d",2110,2150,1780,1400,"300"," "
"2007/08","S08000029","SMR01"," ",580,590,410,380," ",":"
"2007/08","S08000029","SMR04"," ",1530,1560,1370,1070,"300"," "
"2007/08","S08000019","Total","d",1440,1450,1180,970,"220"," "
"2007/08","S08000019","SMR01"," ",300,300,240,220," ",":"
"2007/08","S08000019","SMR04"," ",1140,1150,950,780,"220"," "
"2007/08","S08000020","Total","d",2800,2840,2540,2010,"360"," "
"2007/08","S08000020","SMR01"," ",900,900,810,670," ",":"
"2007/08","S08000020","SMR04"," ",1900,1940,1730,1400,"360"," "
"2007/08","S08000031","Total","d",9900,10010,8620,6800,"1280"," "
"2007/08","S08000031","SMR01"," ",3790,3790,2980,2510," ",":"
"2007/08","S08000031","SMR04"," ",6110,6220,5630,4510,"1280"," "
"2007/08","S08000022","Total","d",2540,2560,2310,1820,"240"," "
"2007/08","S08000022","SMR01"," ",1180,1180,990,790," ",":"
"2007/08","S08000022","SMR04"," ",1360,1380,1320,1100,"240"," "
"2007/08","S08000032","Total","d",4050,4040,3240,2500,"450"," "
"2007/08","S08000032","SMR01"," ",1600,1590,1150,900," ",":"
"2007/08","S08000032","SMR04"," ",2450,2450,2090,1680,"450"," "
"2007/08","S08000024","Total","d",5830,5840,4920,3890,"690"," "
"2007/08","S08000024","SMR01"," ",1960,1950,1510,1320," ",":"
"2007/08","S08000024","SMR04"," ",3870,3880,3410,2740,"690"," "
"2007/08","S08000025","Total","d",60,60,60,50,"0"," "
"2007/08","S08000025","SMR01"," ",60,60,60,50," ",":"
"2007/08","S08000025","SMR04"," ",0,0,0,0,"0"," "
"2007/08","S08000026","Total","d",70,70,70,60,"0"," "
"2007/08","S08000026","SMR01"," ",70,70,70,60," ",":"
"2007/08","S08000026","SMR04"," ",0,0,0,0,"0"," "
"2007/08","S08000030","Total","d",2610,2640,2470,1960,"360"," "
"2007/08","S08000030","SMR01"," ",510,510,490,450," ",":"
"2007/08","S08000030","SMR04"," ",2100,2130,1980,1570,"360"," "
"2007/08","S08000028","Total","d",250,260,250,200,"20"," "
"2007/08","S08000028","SMR01"," ",160,160,150,120," ",":"
"2007/08","S08000028","SMR04"," ",90,100,90,80,"20"," "
"2007/08","SB0802","Total","d",100,120,30,110,"180"," "
"2007/08","SB0802","SMR01"," ",0,0,0,0," ",":"
"2007/08","SB0802","SMR04"," ",100,120,30,110,"180"," "
"2008/09","S08000015","Total","d",2420,2460,2240,1730,"270"," "
"2008/09","S08000015","SMR01"," ",810,820,780,640," ",":"
"2008/09","S08000015","SMR04"," ",1610,1640,1460,1200,"270"," "
"2008/09","S08000016","Total","d",970,970,880,650,"90"," "
"2008/09","S08000016","SMR01"," ",300,300,280,240," ",":"
"2008/09","S08000016","SMR04"," ",670,670,600,440,"90"," "
"2008/09","S08000017","Total","d",870,890,800,650,"100"," "
"2008/09","S08000017","SMR01"," ",280,290,240,220," ",":"
"2008/09","S08000017","SMR04"," ",590,600,560,460,"100"," "
"2008/09","S08000029","Total","d",2060,2080,1760,1400,"270"," "
"2008/09","S08000029","SMR01"," ",590,600,400,370," ",":"
"2008/09","S08000029","SMR04"," ",1470,1490,1360,1070,"270"," "
"2008/09","S08000019","Total","d",1460,1470,1290,1040,"220"," "
"2008/09","S08000019","SMR01"," ",320,330,260,250," ",":"
"2008/09","S08000019","SMR04"," ",1140,1140,1030,820,"220"," "
"2008/09","S08000020","Total","d",2800,2840,2570,2080,"310"," "
"2008/09","S08000020","SMR01"," ",920,920,820,690," ",":"
"2008/09","S08000020","SMR04"," ",1870,1920,1740,1440,"310"," "
"2008/09","S08000031","Total","d",10350,10470,8980,7020,"1180"," "
"2008/09","S08000031","SMR01"," ",4010,4030,3150,2570," ",":"
"2008/09","S08000031","SMR04"," ",6340,6440,5830,4730,"1180"," "
"2008/09","S08000022","Total","d",2510,2530,2310,1810,"230"," "
"2008/09","S08000022","SMR01"," ",1170,1180,1000,850," ",":"
"2008/09","S08000022","SMR04"," ",1340,1350,1310,1070,"230"," "
"2008/09","S08000032","Total","d",4080,4110,3350,2620,"430"," "
"2008/09","S08000032","SMR01"," ",1640,1650,1180,910," ",":"
"2008/09","S08000032","SMR04"," ",2430,2460,2180,1810,"430"," "
"2008/09","S08000024","Total","d",5530,5560,4660,3740,"670"," "
"2008/09","S08000024","SMR01"," ",1960,1970,1430,1280," ",":"
"2008/09","S08000024","SMR04"," ",3560,3590,3230,2620,"670"," "
"2008/09","S08000025","Total","d",50,50,50,40,"0"," "
"2008/09","S08000025","SMR01"," ",50,50,50,40," ",":"
"2008/09","S08000025","SMR04"," ",0,0,0,0,"0"," "
"2008/09","S08000026","Total","d",60,60,60,50,"0"," "
"2008/09","S08000026","SMR01"," ",60,60,60,50," ",":"
"2008/09","S08000026","SMR04"," ",0,0,0,0,"0"," "
"2008/09","S08000030","Total","d",2700,2710,2520,2040,"350"," "
"2008/09","S08000030","SMR01"," ",540,530,490,450," ",":"
"2008/09","S08000030","SMR04"," ",2160,2170,2030,1650,"350"," "
"2008/09","S08000028","Total","d",240,230,220,180,"30"," "
"2008/09","S08000028","SMR01"," ",140,140,140,110," ",":"
"2008/09","S08000028","SMR04"," ",100,90,90,80,"30"," "
"2008/09","SB0802","Total","d",120,140,30,90,"150"," "
"2008/09","SB0802","SMR01"," ",0,0,0,0," ",":"
"2008/09","SB0802","SMR04"," ",120,140,30,90,"150"," "
"2009/10","S08000015","Total","d",2530,2520,2250,1730,"270"," "
"2009/10","S08000015","SMR01"," ",900,890,830,650," ",":"
"2009/10","S08000015","SMR04"," ",1640,1630,1420,1180,"270"," "
"2009/10","S08000016","Total","d",820,830,750,560,"80"," "
"2009/10","S08000016","SMR01"," ",250,250,220,190," ",":"
"2009/10","S08000016","SMR04"," ",560,570,520,390,"80"," "
"2009/10","S08000017","Total","d",900,910,800,650,"90"," "
"2009/10","S08000017","SMR01"," ",250,240,190,180," ",":"
"2009/10","S08000017","SMR04"," ",650,670,610,490,"90"," "
"2009/10","S08000029","Total","d",2210,2190,1770,1460,"290"," "
"2009/10","S08000029","SMR01"," ",650,640,420,400," ",":"
"2009/10","S08000029","SMR04"," ",1560,1550,1350,1110,"290"," "
"2009/10","S08000019","Total","d",1370,1400,1210,1000,"200"," "
"2009/10","S08000019","SMR01"," ",310,310,250,220," ",":"
"2009/10","S08000019","SMR04"," ",1060,1080,960,800,"200"," "
"2009/10","S08000020","Total","d",2850,2870,2540,2000,"300"," "
"2009/10","S08000020","SMR01"," ",1040,1040,840,700," ",":"
"2009/10","S08000020","SMR04"," ",1820,1820,1700,1360,"300"," "
"2009/10","S08000031","Total","d",9460,9510,8100,6430,"1110"," "
"2009/10","S08000031","SMR01"," ",3840,3840,3110,2550," ",":"
"2009/10","S08000031","SMR04"," ",5610,5680,5000,4130,"1110"," "
"2009/10","S08000022","Total","d",2210,2180,1970,1580,"250"," "
"2009/10","S08000022","SMR01"," ",990,980,820,670," ",":"
"2009/10","S08000022","SMR04"," ",1220,1200,1150,990,"250"," "
"2009/10","S08000032","Total","d",3790,3820,3060,2540,"400"," "
"2009/10","S08000032","SMR01"," ",1460,1460,1000,830," ",":"
"2009/10","S08000032","SMR04"," ",2330,2360,2070,1770,"400"," "
"2009/10","S08000024","Total","d",5330,5330,4420,3550,"660"," "
"2009/10","S08000024","SMR01"," ",2010,2000,1440,1300," ",":"
"2009/10","S08000024","SMR04"," ",3320,3330,2980,2410,"660"," "
"2009/10","S08000025","Total","d",60,60,60,50,"0"," "
"2009/10","S08000025","SMR01"," ",60,60,60,50," ",":"
"2009/10","S08000025","SMR04"," ",0,0,0,0,"0"," "
"2009/10","S08000026","Total","d",50,50,50,50,"0"," "
"2009/10","S08000026","SMR01"," ",50,50,50,50," ",":"
"2009/10","S08000026","SMR04"," ",0,0,0,0,"0"," "
"2009/10","S08000030","Total","d",2650,2660,2470,2030,"340"," "
"2009/10","S08000030","SMR01"," ",490,490,480,440," ",":"
"2009/10","S08000030","SMR04"," ",2160,2170,1990,1650,"340"," "
"2009/10","S08000028","Total","d",200,200,190,160,"20"," "
"2009/10","S08000028","SMR01"," ",140,140,130,110," ",":"
"2009/10","S08000028","SMR04"," ",60,70,60,60,"20"," "
"2009/10","SB0802","Total","d",140,160,10,100,"140"," "
"2009/10","SB0802","SMR01"," ",0,0,0,0," ",":"
"2009/10","SB0802","SMR04"," ",140,160,10,100,"140"," "
"2010/11","S08000015","Total","d",2610,2610,2270,1810,"280"," "
"2010/11","S08000015","SMR01"," ",970,970,870,710," ",":"
"2010/11","S08000015","SMR04"," ",1650,1640,1400,1200,"280"," "
"2010/11","S08000016","Total","d",860,860,770,590,"80"," "
"2010/11","S08000016","SMR01"," ",300,300,270,230," ",":"
"2010/11","S08000016","SMR04"," ",550,560,500,380,"80"," "
"2010/11","S08000017","Total","d",1070,1080,950,690,"80"," "
"2010/11","S08000017","SMR01"," ",330,330,260,220," ",":"
"2010/11","S08000017","SMR04"," ",740,750,700,510,"80"," "
"2010/11","S08000029","Total","d",2150,2170,1640,1400,"280"," "
"2010/11","S08000029","SMR01"," ",700,710,460,410," ",":"
"2010/11","S08000029","SMR04"," ",1450,1460,1180,1020,"280"," "
"2010/11","S08000019","Total","d",1390,1400,1150,960,"190"," "
"2010/11","S08000019","SMR01"," ",250,240,180,160," ",":"
"2010/11","S08000019","SMR04"," ",1140,1150,970,810,"190"," "
"2010/11","S08000020","Total","d",3210,3220,2630,2040,"300"," "
"2010/11","S08000020","SMR01"," ",1260,1260,820,700," ",":"
"2010/11","S08000020","SMR04"," ",1940,1950,1810,1400,"300"," "
"2010/11","S08000031","Total","d",9470,9420,7580,6050,"1140"," "
"2010/11","S08000031","SMR01"," ",4380,4370,3290,2650," ",":"
"2010/11","S08000031","SMR04"," ",5090,5060,4290,3660,"1140"," "
"2010/11","S08000022","Total","d",2110,2170,2010,1610,"200"," "
"2010/11","S08000022","SMR01"," ",870,890,760,650," ",":"
"2010/11","S08000022","SMR04"," ",1240,1280,1250,1040,"200"," "
"2010/11","S08000032","Total","d",3970,4010,3290,2660,"360"," "
"2010/11","S08000032","SMR01"," ",1620,1620,1160,980," ",":"
"2010/11","S08000032","SMR04"," ",2350,2400,2120,1780,"360"," "
"2010/11","S08000024","Total","d",5340,5360,4360,3620,"630"," "
"2010/11","S08000024","SMR01"," ",2260,2250,1540,1410," ",":"
"2010/11","S08000024","SMR04"," ",3080,3110,2820,2400,"630"," "
"2010/11","S08000025","Total","d",60,60,60,50,"0"," "
"2010/11","S08000025","SMR01"," ",60,60,60,50," ",":"
"2010/11","S08000025","SMR04"," ",0,0,0,0,"0"," "
"2010/11","S08000026","Total","d",70,70,70,60,"0"," "
"2010/11","S08000026","SMR01"," ",70,70,70,60," ",":"
"2010/11","S08000026","SMR04"," ",0,0,0,0,"0"," "
"2010/11","S08000030","Total","d",2400,2440,2200,1810,"300"," "
"2010/11","S08000030","SMR01"," ",520,520,450,430," ",":"
"2010/11","S08000030","SMR04"," ",1880,1920,1740,1440,"300"," "
"2010/11","S08000028","Total","d",160,160,140,120,"20"," "
"2010/11","S08000028","SMR01"," ",90,90,80,70," ",":"
"2010/11","S08000028","SMR04"," ",70,70,70,50,"20"," "
"2010/11","SB0802","Total","d",130,130,10,90,"140"," "
"2010/11","SB0802","SMR01"," ",0,0,0,0," ",":"
"2010/11","SB0802","SMR04"," ",130,130,10,90,"140"," "
"2011/12","S08000015","Total","d",2470,2500,2200,1730,"250"," "
"2011/12","S08000015","SMR01"," ",940,950,840,680," ",":"
"2011/12","S08000015","SMR04"," ",1530,1550,1360,1120,"250"," "
"2011/12","S08000016","Total","d",830,830,720,560,"80"," "
"2011/12","S08000016","SMR01"," ",280,280,250,220," ",":"
"2011/12","S08000016","SMR04"," ",550,550,470,360,"80"," "
"2011/12","S08000017","Total","d",1210,1220,1020,660,"60"," "
"2011/12","S08000017","SMR01"," ",470,470,400,250," ",":"
"2011/12","S08000017","SMR04"," ",740,760,620,470,"60"," "
"2011/12","S08000029","Total","d",2260,2270,1730,1420,"250"," "
"2011/12","S08000029","SMR01"," ",820,810,490,460," ",":"
"2011/12","S08000029","SMR04"," ",1440,1460,1240,1010,"250"," "
"2011/12","S08000019","Total","d",1360,1360,1140,990,"180"," "
"2011/12","S08000019","SMR01"," ",340,330,280,250," ",":"
"2011/12","S08000019","SMR04"," ",1020,1030,860,770,"180"," "
"2011/12","S08000020","Total","d",3400,3400,2720,2080,"290"," "
"2011/12","S08000020","SMR01"," ",1450,1440,900,730," ",":"
"2011/12","S08000020","SMR04"," ",1950,1960,1820,1420,"290"," "
"2011/12","S08000031","Total","d",9790,9850,7780,6240,"1100"," "
"2011/12","S08000031","SMR01"," ",4730,4750,3490,2750," ",":"
"2011/12","S08000031","SMR04"," ",5060,5100,4280,3700,"1100"," "
"2011/12","S08000022","Total","d",2100,2130,1900,1510,"170"," "
"2011/12","S08000022","SMR01"," ",900,900,730,610," ",":"
"2011/12","S08000022","SMR04"," ",1200,1230,1180,1000,"170"," "
"2011/12","S08000032","Total","d",4100,4100,3320,2700,"350"," "
"2011/12","S08000032","SMR01"," ",1770,1770,1240,1050," ",":"
"2011/12","S08000032","SMR04"," ",2320,2330,2080,1750,"350"," "
"2011/12","S08000024","Total","d",5730,5770,4650,3840,"600"," "
"2011/12","S08000024","SMR01"," ",2520,2540,1720,1550," ",":"
"2011/12","S08000024","SMR04"," ",3210,3240,2920,2480,"600"," "
"2011/12","S08000025","Total","d",60,60,60,50,"0"," "
"2011/12","S08000025","SMR01"," ",60,60,60,50," ",":"
"2011/12","S08000025","SMR04"," ",0,0,0,0,"0"," "
"2011/12","S08000026","Total","d",90,90,90,60,"0"," "
"2011/12","S08000026","SMR01"," ",90,90,90,60," ",":"
"2011/12","S08000026","SMR04"," ",0,0,0,0,"0"," "
"2011/12","S08000030","Total","d",2550,2560,2180,1830,"280"," "
"2011/12","S08000030","SMR01"," ",670,660,520,490," ",":"
"2011/12","S08000030","SMR04"," ",1880,1900,1660,1390,"280"," "
"2011/12","S08000028","Total","d",150,160,140,120,"20"," "
"2011/12","S08000028","SMR01"," ",90,90,80,70," ",":"
"2011/12","S08000028","SMR04"," ",60,60,60,60,"20"," "
"2011/12","SB0802","Total","d",280,280,0,140,"140"," "
"2011/12","SB0802","SMR01"," ",0,0,0,0," ",":"
"2011/12","SB0802","SMR04"," ",280,280,0,140,"140"," "
"2012/13","S08000015","Total","d",2230,2250,1980,1510,"230"," "
"2012/13","S08000015","SMR01"," ",930,920,800,630," ",":"
"2012/13","S08000015","SMR04"," ",1300,1330,1180,940,"230"," "
"2012/13","S08000016","Total","d",780,800,680,530,"60"," "
"2012/13","S08000016","SMR01"," ",270,270,240,210," ",":"
"2012/13","S08000016","SMR04"," ",510,520,450,340,"60"," "
"2012/13","S08000017","Total","d",1120,1130,980,620,"70"," "
"2012/13","S08000017","SMR01"," ",470,470,400,240," ",":"
"2012/13","S08000017","SMR04"," ",660,660,580,420,"70"," "
"2012/13","S08000029","Total","d",2380,2380,1880,1490,"240"," "
"2012/13","S08000029","SMR01"," ",1000,990,670,590," ",":"
"2012/13","S08000029","SMR04"," ",1380,1390,1210,960,"240"," "
"2012/13","S08000019","Total","d",1490,1500,1240,1060,"180"," "
"2012/13","S08000019","SMR01"," ",410,420,310,280," ",":"
"2012/13","S08000019","SMR04"," ",1080,1080,930,810,"180"," "
"2012/13","S08000020","Total","d",3390,3370,2700,2140,"320"," "
"2012/13","S08000020","SMR01"," ",1320,1340,870,730," ",":"
"2012/13","S08000020","SMR04"," ",2060,2030,1830,1490,"320"," "
"2012/13","S08000031","Total","d",9610,9660,7500,6130,"1060"," "
"2012/13","S08000031","SMR01"," ",4410,4420,3170,2540," ",":"
"2012/13","S08000031","SMR04"," ",5210,5250,4330,3820,"1060"," "
"2012/13","S08000022","Total","d",2110,2100,1860,1480,"170"," "
"2012/13","S08000022","SMR01"," ",890,890,700,600," ",":"
"2012/13","S08000022","SMR04"," ",1220,1210,1170,970,"170"," "
"2012/13","S08000032","Total","d",4150,4160,3350,2640,"340"," "
"2012/13","S08000032","SMR01"," ",1800,1790,1190,980," ",":"
"2012/13","S08000032","SMR04"," ",2360,2370,2160,1740,"340"," "
"2012/13","S08000024","Total","d",5890,5900,4660,3910,"580"," "
"2012/13","S08000024","SMR01"," ",2770,2750,1800,1650," ",":"
"2012/13","S08000024","SMR04"," ",3120,3150,2860,2420,"580"," "
"2012/13","S08000025","Total","d",60,60,60,50,"0"," "
"2012/13","S08000025","SMR01"," ",60,60,60,50," ",":"
"2012/13","S08000025","SMR04"," ",0,0,0,0,"0"," "
"2012/13","S08000026","Total","d",80,80,80,70,"0"," "
"2012/13","S08000026","SMR01"," ",80,80,80,70," ",":"
"2012/13","S08000026","SMR04"," ",0,0,0,0,"0"," "
"2012/13","S08000030","Total","d",2660,2620,2220,1820,"320"," "
"2012/13","S08000030","SMR01"," ",680,680,520,490," ",":"
"2012/13","S08000030","SMR04"," ",1980,1940,1700,1390,"320"," "
"2012/13","S08000028","Total","d",150,160,140,120,"20"," "
"2012/13","S08000028","SMR01"," ",90,100,80,70," ",":"
"2012/13","S08000028","SMR04"," ",60,60,60,50,"20"," "
"2012/13","SB0802","Total","d",110,110,10,80,"130"," "
"2012/13","SB0802","SMR01"," ",0,0,0,0," ",":"
"2012/13","SB0802","SMR04"," ",110,110,10,80,"130"," "
"2013/14","S08000015","Total","d",2260,2270,1870,1540,"210"," "
"2013/14","S08000015","SMR01"," ",960,940,760,620," ",":"
"2013/14","S08000015","SMR04"," ",1310,1330,1120,980,"210"," "
"2013/14","S08000016","Total","d",780,790,680,500,"60"," "
"2013/14","S08000016","SMR01"," ",300,300,250,220," ",":"
"2013/14","S08000016","SMR04"," ",480,490,420,320,"60"," "
"2013/14","S08000017","Total","d",1290,1290,1130,670,"70"," "
"2013/14","S08000017","SMR01"," ",630,630,540,300," ",":"
"2013/14","S08000017","SMR04"," ",670,660,590,410,"70"," "
"2013/14","S08000029","Total","d",2760,2740,2030,1610,"240"," "
"2013/14","S08000029","SMR01"," ",1300,1290,850,750," ",":"
"2013/14","S08000029","SMR04"," ",1460,1450,1180,940,"240"," "
"2013/14","S08000019","Total","d",1560,1560,1290,1060,"160"," "
"2013/14","S08000019","SMR01"," ",470,460,300,250," ",":"
"2013/14","S08000019","SMR04"," ",1090,1100,990,840,"160"," "
"2013/14","S08000020","Total","d",3300,3290,2740,2220,"320"," "
"2013/14","S08000020","SMR01"," ",1300,1290,960,820," ",":"
"2013/14","S08000020","SMR04"," ",2000,2000,1780,1470,"320"," "
"2013/14","S08000031","Total","d",10250,10240,7820,6270,"1060"," "
"2013/14","S08000031","SMR01"," ",4980,4970,3320,2660," ",":"
"2013/14","S08000031","SMR04"," ",5270,5270,4500,3860,"1060"," "
"2013/14","S08000022","Total","d",2170,2150,1850,1490,"170"," "
"2013/14","S08000022","SMR01"," ",900,900,700,590," ",":"
"2013/14","S08000022","SMR04"," ",1270,1250,1160,980,"170"," "
"2013/14","S08000032","Total","d",4310,4310,3060,2490,"340"," "
"2013/14","S08000032","SMR01"," ",2370,2370,1360,1130," ",":"
"2013/14","S08000032","SMR04"," ",1940,1940,1690,1450,"340"," "
"2013/14","S08000024","Total","d",5770,5800,4490,3770,"590"," "
"2013/14","S08000024","SMR01"," ",2440,2470,1670,1500," ",":"
"2013/14","S08000024","SMR04"," ",3330,3330,2820,2420,"590"," "
"2013/14","S08000025","Total","d",60,60,60,50,"0"," "
"2013/14","S08000025","SMR01"," ",60,60,60,50," ",":"
"2013/14","S08000025","SMR04"," ",0,0,0,0,"0"," "
"2013/14","S08000026","Total","d",90,90,90,70,"0"," "
"2013/14","S08000026","SMR01"," ",90,90,90,70," ",":"
"2013/14","S08000026","SMR04"," ",0,0,0,0,"0"," "
"2013/14","S08000030","Total","d",2780,2810,2370,1920,"290"," "
"2013/14","S08000030","SMR01"," ",810,820,630,560," ",":"
"2013/14","S08000030","SMR04"," ",1960,1990,1740,1420,"290"," "
"2013/14","S08000028","Total","d",150,140,120,110,"20"," "
"2013/14","S08000028","SMR01"," ",100,100,80,80," ",":"
"2013/14","S08000028","SMR04"," ",40,40,40,40,"20"," "
"2013/14","SB0802","Total","d",70,70,10,70,"130"," "
"2013/14","SB0802","SMR01"," ",0,0,0,0," ",":"
"2013/14","SB0802","SMR04"," ",70,70,10,70,"130"," "
"2014/15","S08000015","Total","d",2360,2360,1860,1490,"210"," "
"2014/15","S08000015","SMR01"," ",1090,1090,790,660," ",":"
"2014/15","S08000015","SMR04"," ",1270,1270,1060,890,"210"," "
"2014/15","S08000016","Total","d",740,750,590,480,"50"," "
"2014/15","S08000016","SMR01"," ",290,280,200,190," ",":"
"2014/15","S08000016","SMR04"," ",460,470,390,300,"50"," "
"2014/15","S08000017","Total","d",1290,1290,1090,630,"70"," "
"2014/15","S08000017","SMR01"," ",560,560,460,260," ",":"
"2014/15","S08000017","SMR04"," ",740,740,630,420,"70"," "
"2014/15","S08000029","Total","d",2550,2560,1870,1560,"230"," "
"2014/15","S08000029","SMR01"," ",1100,1110,750,670," ",":"
"2014/15","S08000029","SMR04"," ",1450,1460,1120,950,"230"," "
"2014/15","S08000019","Total","d",1770,1780,1370,1150,"160"," "
"2014/15","S08000019","SMR01"," ",570,580,410,350," ",":"
"2014/15","S08000019","SMR04"," ",1190,1190,960,830,"160"," "
"2014/15","S08000020","Total","d",2920,2930,2540,1980,"300"," "
"2014/15","S08000020","SMR01"," ",980,970,820,710," ",":"
"2014/15","S08000020","SMR04"," ",1940,1960,1730,1320,"300"," "
"2014/15","S08000031","Total","d",11100,11080,7910,6380,"1060"," "
"2014/15","S08000031","SMR01"," ",5670,5660,3370,2680," ",":"
"2014/15","S08000031","SMR04"," ",5420,5420,4540,3980,"1060"," "
"2014/15","S08000022","Total","d",2300,2310,1810,1480,"170"," "
"2014/15","S08000022","SMR01"," ",1110,1110,750,640," ",":"
"2014/15","S08000022","SMR04"," ",1200,1200,1060,910,"170"," "
"2014/15","S08000032","Total","d",4540,4540,3020,2500,"340"," "
"2014/15","S08000032","SMR01"," ",2780,2780,1540,1280," ",":"
"2014/15","S08000032","SMR04"," ",1760,1760,1480,1320,"340"," "
"2014/15","S08000024","Total","d",6310,6270,4580,3710,"620"," "
"2014/15","S08000024","SMR01"," ",2820,2810,1810,1600," ",":"
"2014/15","S08000024","SMR04"," ",3490,3460,2770,2270,"620"," "
"2014/15","S08000025","Total","d",80,80,70,60,"0"," "
"2014/15","S08000025","SMR01"," ",80,80,70,60," ",":"
"2014/15","S08000025","SMR04"," ",0,0,0,0,"0"," "
"2014/15","S08000026","Total","d",80,90,90,60,"0"," "
"2014/15","S08000026","SMR01"," ",80,90,90,60," ",":"
"2014/15","S08000026","SMR04"," ",0,0,0,0,"0"," "
"2014/15","S08000030","Total","d",3200,3200,2510,2100,"290"," "
"2014/15","S08000030","SMR01"," ",980,980,700,650," ",":"
"2014/15","S08000030","SMR04"," ",2230,2220,1820,1520,"290"," "
"2014/15","S08000028","Total","d",100,110,90,80,"20"," "
"2014/15","S08000028","SMR01"," ",70,70,60,50," ",":"
"2014/15","S08000028","SMR04"," ",30,40,30,30,"20"," "
"2014/15","SB0802","Total","d",110,120,10,80,"120"," "
"2014/15","SB0802","SMR01"," ",0,0,0,0," ",":"
"2014/15","SB0802","SMR04"," ",110,120,10,80,"120"," "
"2015/16","S08000015","Total","d",2430,2460,1870,1520,"190"," "
"2015/16","S08000015","SMR01"," ",1190,1190,790,690," ",":"
"2015/16","S08000015","SMR04"," ",1240,1270,1070,910,"190"," "
"2015/16","S08000016","Total","d",780,780,570,460,"50"," "
"2015/16","S08000016","SMR01"," ",280,280,190,180," ",":"
"2015/16","S08000016","SMR04"," ",490,500,380,300,"50"," "
"2015/16","S08000017","Total","d",1370,1390,1100,630,"50"," "
"2015/16","S08000017","SMR01"," ",590,590,440,290," ",":"
"2015/16","S08000017","SMR04"," ",780,800,650,380,"50"," "
"2015/16","S08000029","Total","d",2570,2580,1870,1560,"220"," "
"2015/16","S08000029","SMR01"," ",1130,1120,740,660," ",":"
"2015/16","S08000029","SMR04"," ",1450,1460,1130,960,"220"," "
"2015/16","S08000019","Total","d",1960,1940,1510,1230,"170"," "
"2015/16","S08000019","SMR01"," ",580,570,400,360," ",":"
"2015/16","S08000019","SMR04"," ",1380,1370,1100,910,"170"," "
"2015/16","S08000020","Total","d",3120,3110,2640,2120,"320"," "
"2015/16","S08000020","SMR01"," ",1180,1190,1000,850," ",":"
"2015/16","S08000020","SMR04"," ",1930,1920,1640,1320,"320"," "
"2015/16","S08000031","Total","d",12510,12480,8220,6650,"1080"," "
"2015/16","S08000031","SMR01"," ",7000,7010,3790,3000," ",":"
"2015/16","S08000031","SMR04"," ",5500,5480,4420,3920,"1080"," "
"2015/16","S08000022","Total","d",2350,2350,1760,1440,"180"," "
"2015/16","S08000022","SMR01"," ",1060,1060,700,630," ",":"
"2015/16","S08000022","SMR04"," ",1290,1290,1060,890,"180"," "
"2015/16","S08000032","Total","d",4800,4830,3080,2500,"310"," "
"2015/16","S08000032","SMR01"," ",2980,2980,1520,1270," ",":"
"2015/16","S08000032","SMR04"," ",1820,1850,1550,1320,"310"," "
"2015/16","S08000024","Total","d",6430,6470,4590,3860,"580"," "
"2015/16","S08000024","SMR01"," ",2940,2930,1870,1700," ",":"
"2015/16","S08000024","SMR04"," ",3500,3540,2730,2320,"580"," "
"2015/16","S08000025","Total","d",60,60,60,50,"0"," "
"2015/16","S08000025","SMR01"," ",60,60,60,50," ",":"
"2015/16","S08000025","SMR04"," ",0,0,0,0,"0"," "
"2015/16","S08000026","Total","d",70,70,70,60,"0"," "
"2015/16","S08000026","SMR01"," ",70,70,70,60," ",":"
"2015/16","S08000026","SMR04"," ",0,0,0,0,"0"," "
"2015/16","S08000030","Total","d",3640,3630,2760,2200,"290"," "
"2015/16","S08000030","SMR01"," ",1250,1240,810,750," ",":"
"2015/16","S08000030","SMR04"," ",2390,2390,1950,1540,"290"," "
"2015/16","S08000028","Total","d",150,150,110,110,"20"," "
"2015/16","S08000028","SMR01"," ",110,110,80,70," ",":"
"2015/16","S08000028","SMR04"," ",40,40,30,40,"20"," "
"2015/16","SB0802","Total","d",90,90,20,80,"120"," "
"2015/16","SB0802","SMR01"," ",0,0,0,0," ",":"
"2015/16","SB0802","SMR04"," ",90,90,20,80,"120"," "
"2016/17","S08000015","Total","d",2680,2680,1940,1590,"190"," "
"2016/17","S08000015","SMR01"," ",1460,1460,940,790," ",":"
"2016/17","S08000015","SMR04"," ",1220,1220,1000,880,"190"," "
"2016/17","S08000016","Total","d",710,700,550,460,"60"," "
"2016/17","S08000016","SMR01"," ",260,260,190,160," ",":"
"2016/17","S08000016","SMR04"," ",440,440,360,310,"60"," "
"2016/17","S08000017","Total","d",1560,1550,1080,610,"70"," "
"2016/17","S08000017","SMR01"," ",710,720,540,300," ",":"
"2016/17","S08000017","SMR04"," ",850,840,540,370,"70"," "
"2016/17","S08000029","Total","d",2860,2780,1990,1650,"270"," "
"2016/17","S08000029","SMR01"," ",1360,1360,850,770," ",":"
"2016/17","S08000029","SMR04"," ",1490,1420,1140,950,"270"," "
"2016/17","S08000019","Total","d",2120,2110,1550,1260,"170"," "
"2016/17","S08000019","SMR01"," ",690,680,450,400," ",":"
"2016/17","S08000019","SMR04"," ",1430,1420,1100,900,"170"," "
"2016/17","S08000020","Total","d",3020,3010,2520,2050,"310"," "
"2016/17","S08000020","SMR01"," ",1320,1310,1030,860," ",":"
"2016/17","S08000020","SMR04"," ",1690,1700,1500,1250,"310"," "
"2016/17","S08000031","Total","d",13570,13670,8780,6980,"980"," "
"2016/17","S08000031","SMR01"," ",8430,8430,4410,3450," ",":"
"2016/17","S08000031","SMR04"," ",5140,5240,4370,3810,"980"," "
"2016/17","S08000022","Total","d",2180,2180,1710,1420,"180"," "
"2016/17","S08000022","SMR01"," ",1110,1100,770,670," ",":"
"2016/17","S08000022","SMR04"," ",1080,1080,940,820,"180"," "
"2016/17","S08000032","Total","d",5060,5060,3150,2620,"300"," "
"2016/17","S08000032","SMR01"," ",3160,3160,1580,1390," ",":"
"2016/17","S08000032","SMR04"," ",1890,1900,1570,1340,"300"," "
"2016/17","S08000024","Total","d",6460,6460,4560,3710,"580"," "
"2016/17","S08000024","SMR01"," ",2980,2980,1840,1620," ",":"
"2016/17","S08000024","SMR04"," ",3470,3480,2720,2230,"580"," "
"2016/17","S08000025","Total","d",30,30,20,20,"0"," "
"2016/17","S08000025","SMR01"," ",30,30,20,20," ",":"
"2016/17","S08000025","SMR04"," ",0,0,0,0,"0"," "
"2016/17","S08000026","Total","d",70,70,70,70,"0"," "
"2016/17","S08000026","SMR01"," ",70,70,70,70," ",":"
"2016/17","S08000026","SMR04"," ",0,0,0,0,"0"," "
"2016/17","S08000030","Total","d",3740,3750,2800,2240,"280"," "
"2016/17","S08000030","SMR01"," ",1350,1360,870,770," ",":"
"2016/17","S08000030","SMR04"," ",2390,2400,1930,1560,"280"," "
"2016/17","S08000028","Total","d",140,140,120,90,"20"," "
"2016/17","S08000028","SMR01"," ",110,110,90,70," ",":"
"2016/17","S08000028","SMR04"," ",40,40,30,30,"20"," "
"2016/17","SB0802","Total","d",140,140,20,100,"110"," "
"2016/17","SB0802","SMR01"," ",0,0,0,0," ",":"
"2016/17","SB0802","SMR04"," ",140,140,20,100,"110"," "
"2017/18","S08000015","Total","d",2560,2560,1910,1530,"200"," "
"2017/18","S08000015","SMR01"," ",1450,1460,930,760," ",":"
"2017/18","S08000015","SMR04"," ",1110,1100,980,870,"200"," "
"2017/18","S08000016","Total","d",830,820,610,500,"60"," "
"2017/18","S08000016","SMR01"," ",400,400,260,220," ",":"
"2017/18","S08000016","SMR04"," ",430,420,350,290,"60"," "
"2017/18","S08000017","Total","d",1530,1520,1050,640,"70"," "
"2017/18","S08000017","SMR01"," ",700,700,470,300," ",":"
"2017/18","S08000017","SMR04"," ",830,830,580,390,"70"," "
"2017/18","S08000029","Total","d",3520,3520,2270,1820,"280"," "
"2017/18","S08000029","SMR01"," ",1990,1980,1180,1050," ",":"
"2017/18","S08000029","SMR04"," ",1530,1540,1090,860,"280"," "
"2017/18","S08000019","Total","d",2170,2140,1600,1290,"190"," "
"2017/18","S08000019","SMR01"," ",810,810,570,490," ",":"
"2017/18","S08000019","SMR04"," ",1360,1330,1040,860,"190"," "
"2017/18","S08000020","Total","d",3030,3030,2530,2020,"320"," "
"2017/18","S08000020","SMR01"," ",1230,1240,980,800," ",":"
"2017/18","S08000020","SMR04"," ",1800,1790,1560,1280,"320"," "
"2017/18","S08000031","Total","d",14760,14780,9140,7290,"960"," "
"2017/18","S08000031","SMR01"," ",9210,9200,4690,3660," ",":"
"2017/18","S08000031","SMR04"," ",5550,5590,4450,3930,"960"," "
"2017/18","S08000022","Total","d",2130,2150,1670,1380,"170"," "
"2017/18","S08000022","SMR01"," ",1040,1050,720,640," ",":"
"2017/18","S08000022","SMR04"," ",1090,1100,940,820,"170"," "
"2017/18","S08000032","Total","d",5330,5360,3100,2580,"270"," "
"2017/18","S08000032","SMR01"," ",3600,3590,1660,1430," ",":"
"2017/18","S08000032","SMR04"," ",1740,1770,1440,1240,"270"," "
"2017/18","S08000024","Total","d",6870,6880,4560,3770,"560"," "
"2017/18","S08000024","SMR01"," ",3380,3380,1890,1700," ",":"
"2017/18","S08000024","SMR04"," ",3480,3510,2670,2220,"560"," "
"2017/18","S08000025","Total","d",70,70,60,50,"0"," "
"2017/18","S08000025","SMR01"," ",70,70,60,50," ",":"
"2017/18","S08000025","SMR04"," ",0,0,0,0,"0"," "
"2017/18","S08000026","Total","d",90,90,90,70,"0"," "
"2017/18","S08000026","SMR01"," ",90,90,90,70," ",":"
"2017/18","S08000026","SMR04"," ",0,0,0,0,"0"," "
"2017/18","S08000030","Total","d",3520,3490,2620,2170,"310"," "
"2017/18","S08000030","SMR01"," ",1570,1560,1010,870," ",":"
"2017/18","S08000030","SMR04"," ",1950,1930,1610,1400,"310"," "
"2017/18","S08000028","Total","d",190,200,160,120,"20"," "
"2017/18","S08000028","SMR01"," ",150,150,120,90," ",":"
"2017/18","S08000028","SMR04"," ",40,40,40,40,"20"," "
"2017/18","SB0802","Total","d",120,120,20,80,"110"," "
"2017/18","SB0802","SMR01"," ",0,0,0,0," ",":"
"2017/18","SB0802","SMR04"," ",120,120,20,80,"110"," "
"2018/19","S08000015","Total","d",2670,2680,2000,1620,"180"," "
"2018/19","S08000015","SMR01"," ",1550,1530,970,820," ",":"
"2018/19","S08000015","SMR04"," ",1120,1150,1030,890,"180"," "
"2018/19","S08000016","Total","d",850,860,550,470,"60"," "
"2018/19","S08000016","SMR01"," ",440,440,220,200," ",":"
"2018/19","S08000016","SMR04"," ",420,420,320,280,"60"," "
"2018/19","S08000017","Total","d",1730,1720,1140,600,"80"," "
"2018/19","S08000017","SMR01"," ",690,690,530,260," ",":"
"2018/19","S08000017","SMR04"," ",1040,1020,610,390,"80"," "
"2018/19","S08000029","Total","d",3630,3620,2340,1850,"280"," "
"2018/19","S08000029","SMR01"," ",2070,2060,1240,1070," ",":"
"2018/19","S08000029","SMR04"," ",1560,1560,1100,870,"280"," "
"2018/19","S08000019","Total","d",2150,2130,1570,1260,"170"," "
"2018/19","S08000019","SMR01"," ",890,890,600,510," ",":"
"2018/19","S08000019","SMR04"," ",1260,1240,970,810,"170"," "
"2018/19","S08000020","Total","d",3210,3220,2620,2110,"310"," "
"2018/19","S08000020","SMR01"," ",1450,1440,1120,940," ",":"
"2018/19","S08000020","SMR04"," ",1760,1770,1500,1240,"310"," "
"2018/19","S08000031","Total","d",15300,15270,9290,7200,"990"," "
"2018/19","S08000031","SMR01"," ",9060,9050,4620,3570," ",":"
"2018/19","S08000031","SMR04"," ",6250,6220,4670,3940,"990"," "
"2018/19","S08000022","Total","d",2130,2120,1610,1350,"160"," "
"2018/19","S08000022","SMR01"," ",1210,1200,820,710," ",":"
"2018/19","S08000022","SMR04"," ",920,930,800,720,"160"," "
"2018/19","S08000032","Total","d",5790,5770,3310,2650,"280"," "
"2018/19","S08000032","SMR01"," ",4050,4030,1880,1580," ",":"
"2018/19","S08000032","SMR04"," ",1740,1730,1420,1180,"280"," "
"2018/19","S08000024","Total","d",7060,7100,4760,3940,"530"," "
"2018/19","S08000024","SMR01"," ",3600,3610,2100,1860," ",":"
"2018/19","S08000024","SMR04"," ",3460,3490,2660,2240,"530"," "
"2018/19","S08000025","Total","d",70,70,60,50,"0"," "
"2018/19","S08000025","SMR01"," ",70,70,60,50," ",":"
"2018/19","S08000025","SMR04"," ",0,0,0,0,"0"," "
"2018/19","S08000026","Total","d",90,90,90,80,"0"," "
"2018/19","S08000026","SMR01"," ",90,90,90,80," ",":"
"2018/19","S08000026","SMR04"," ",0,0,0,0,"0"," "
"2018/19","S08000030","Total","d",3850,3870,2910,2340,"290"," "
"2018/19","S08000030","SMR01"," ",1620,1620,1090,960," ",":"
"2018/19","S08000030","SMR04"," ",2240,2260,1820,1510,"290"," "
"2018/19","S08000028","Total","d",190,200,150,130,"10"," "
"2018/19","S08000028","SMR01"," ",140,140,100,90," ",":"
"2018/19","S08000028","SMR04"," ",50,60,50,50,"10"," "
"2018/19","SB0802","Total","d",80,80,20,60,"110"," "
"2018/19","SB0802","SMR01"," ",0,0,0,0," ",":"
"2018/19","SB0802","SMR04"," ",80,80,20,60,"110"," "
"2019/20","S08000015","Total","d",2490,2520,1820,1480,"160"," "
"2019/20","S08000015","SMR01"," ",1480,1500,910,770," ",":"
"2019/20","S08000015","SMR04"," ",1010,1030,910,780,"160"," "
"2019/20","S08000016","Total","d",970,990,680,540,"40"," "
"2019/20","S08000016","SMR01"," ",510,510,280,240," ",":"
"2019/20","S08000016","SMR04"," ",460,480,400,320,"40"," "
"2019/20","S08000017","Total","d",1640,1650,1180,640,"70"," "
"2019/20","S08000017","SMR01"," ",780,780,550,290," ",":"
"2019/20","S08000017","SMR04"," ",870,870,630,420,"70"," "
"2019/20","S08000029","Total","d",3450,3530,2300,1830,"220"," "
"2019/20","S08000029","SMR01"," ",1950,1970,1210,1030," ",":"
"2019/20","S08000029","SMR04"," ",1500,1570,1090,860,"220"," "
"2019/20","S08000019","Total","d",3320,3370,1660,1390,"170"," "
"2019/20","S08000019","SMR01"," ",2040,2050,850,730," ",":"
"2019/20","S08000019","SMR04"," ",1280,1320,810,750,"170"," "
"2019/20","S08000020","Total","d",3300,3360,2800,2130,"250"," "
"2019/20","S08000020","SMR01"," ",1430,1440,1180,950," ",":"
"2019/20","S08000020","SMR04"," ",1870,1920,1620,1250,"250"," "
"2019/20","S08000031","Total","d",16190,16440,9710,7390,"790"," "
"2019/20","S08000031","SMR01"," ",10040,10090,5000,3740," ",":"
"2019/20","S08000031","SMR04"," ",6150,6350,4710,3960,"790"," "
"2019/20","S08000022","Total","d",2160,2200,1610,1340,"140"," "
"2019/20","S08000022","SMR01"," ",1260,1280,840,730," ",":"
"2019/20","S08000022","SMR04"," ",900,920,770,670,"140"," "
"2019/20","S08000032","Total","d",6090,6200,3540,2820,"200"," "
"2019/20","S08000032","SMR01"," ",4450,4490,2090,1700," ",":"
"2019/20","S08000032","SMR04"," ",1640,1710,1460,1220,"200"," "
"2019/20","S08000024","Total","d",7570,7670,5090,4100,"460"," "
"2019/20","S08000024","SMR01"," ",4060,4100,2270,1910," ",":"
"2019/20","S08000024","SMR04"," ",3500,3570,2820,2320,"460"," "
"2019/20","S08000025","Total","d",60,60,60,40,"0"," "
"2019/20","S08000025","SMR01"," ",60,60,60,40," ",":"
"2019/20","S08000025","SMR04"," ",0,0,0,0,"0"," "
"2019/20","S08000026","Total","d",100,100,90,80,"0"," "
"2019/20","S08000026","SMR01"," ",100,100,90,80," ",":"
"2019/20","S08000026","SMR04"," ",0,0,0,0,"0"," "
"2019/20","S08000030","Total","d",4060,4130,2970,2410,"250"," "
"2019/20","S08000030","SMR01"," ",2060,2080,1300,1090," ",":"
"2019/20","S08000030","SMR04"," ",2000,2040,1670,1420,"250"," "
"2019/20","S08000028","Total","d",180,190,150,130,"10"," "
"2019/20","S08000028","SMR01"," ",130,130,100,100," ",":"
"2019/20","S08000028","SMR04"," ",50,50,40,40,"10"," "
"2019/20","SB0802","Total","d",90,90,20,80,"110"," "
"2019/20","SB0802","SMR01"," ",0,0,0,0," ",":"
"2019/20","SB0802","SMR04"," ",90,90,20,80,"110"," "
"2020/21","S08000015","Total","d",2310,2300,1720,1430,"170"," "
"2020/21","S08000015","SMR01"," ",1370,1390,920,780," ",":"
"2020/21","S08000015","SMR04"," ",930,920,800,710,"170"," "
"2020/21","S08000016","Total","d",950,950,620,480,"40"," "
"2020/21","S08000016","SMR01"," ",490,500,250,220," ",":"
"2020/21","S08000016","SMR04"," ",460,460,370,270,"40"," "
"2020/21","S08000017","Total","d",1340,1320,1020,600,"90"," "
"2020/21","S08000017","SMR01"," ",660,670,480,260," ",":"
"2020/21","S08000017","SMR04"," ",670,650,540,370,"90"," "
"2020/21","S08000029","Total","d",2880,2880,1890,1500,"240"," "
"2020/21","S08000029","SMR01"," ",1760,1790,1100,910," ",":"
"2020/21","S08000029","SMR04"," ",1120,1100,790,640,"240"," "
"2020/21","S08000019","Total","d",3580,3600,1610,1270,"190"," "
"2020/21","S08000019","SMR01"," ",2250,2260,820,680," ",":"
"2020/21","S08000019","SMR04"," ",1330,1340,790,670,"190"," "
"2020/21","S08000020","Total","d",3350,3320,2660,2030,"280"," "
"2020/21","S08000020","SMR01"," ",1540,1550,1210,990," ",":"
"2020/21","S08000020","SMR04"," ",1810,1780,1450,1100,"280"," "
"2020/21","S08000031","Total","d",16320,16360,8820,6660,"790"," "
"2020/21","S08000031","SMR01"," ",10370,10420,4640,3500," ",":"
"2020/21","S08000031","SMR04"," ",5950,5940,4180,3460,"790"," "
"2020/21","S08000022","Total","d",1950,1970,1260,1080,"130"," "
"2020/21","S08000022","SMR01"," ",1260,1280,740,640," ",":"
"2020/21","S08000022","SMR04"," ",690,690,520,500,"130"," "
"2020/21","S08000032","Total","d",5090,5130,3140,2410,"180"," "
"2020/21","S08000032","SMR01"," ",3660,3670,1860,1480," ",":"
"2020/21","S08000032","SMR04"," ",1430,1450,1280,1000,"180"," "
"2020/21","S08000024","Total","d",7920,7900,5020,3990,"510"," "
"2020/21","S08000024","SMR01"," ",4310,4340,2300,1910," ",":"
"2020/21","S08000024","SMR04"," ",3620,3560,2730,2250,"510"," "
"2020/21","S08000025","Total","d",60,60,50,40,"0"," "
"2020/21","S08000025","SMR01"," ",60,60,50,40," ",":"
"2020/21","S08000025","SMR04"," ",0,0,0,0,"0"," "
"2020/21","S08000026","Total","d",70,70,60,60,"0"," "
"2020/21","S08000026","SMR01"," ",70,70,60,60," ",":"
"2020/21","S08000026","SMR04"," ",0,0,0,0,"0"," "
"2020/21","S08000030","Total","d",3540,3540,2630,2100,"260"," "
"2020/21","S08000030","SMR01"," ",1730,1730,1140,950," ",":"
"2020/21","S08000030","SMR04"," ",1810,1800,1480,1260,"260"," "
"2020/21","S08000028","Total","d",150,150,120,100,"10"," "
"2020/21","S08000028","SMR01"," ",80,80,70,60," ",":"
"2020/21","S08000028","SMR04"," ",60,70,50,50,"10"," "
"2020/21","SB0802","Total","d",40,50,20,40,"90"," "
"2020/21","SB0802","SMR01"," ",0,0,0,0," ",":"
"2020/21","SB0802","SMR04"," ",40,50,20,40,"90"," "
